<application>
  <component name="CodeVisionSettings">
    <option name="codeVisionGroupToPosition">
      <map>
        <entry key="inheritors" value="Default" />
        <entry key="problems" value="Default" />
        <entry key="references" value="Default" />
        <entry key="vcs.code.vision" value="Default" />
      </map>
    </option>
    <option name="disabledCodeVisionProviderIds">
      <set>
        <option value="inheritors" />
        <option value="problems" />
        <option value="references" />
        <option value="vcs.code.vision" />
      </set>
    </option>
    <option name="enabled" value="false" />
  </component>
  <component name="EditorSettings">
    <option name="languageBreadcrumbsMap">
      <map>
        <entry key="CSS" value="true" />
        <entry key="HTML" value="true" />
        <entry key="Haml" value="true" />
        <entry key="JSON" value="true" />
        <entry key="JavaScript" value="true" />
        <entry key="LESS" value="true" />
        <entry key="RHTML" value="true" />
        <entry key="SASS" value="true" />
        <entry key="SCSS" value="true" />
        <entry key="SQL" value="true" />
        <entry key="Slim" value="true" />
        <entry key="Stylus" value="true" />
        <entry key="TypeScript" value="true" />
        <entry key="XHTML" value="true" />
        <entry key="XML" value="true" />
        <entry key="ruby" value="true" />
        <entry key="yaml" value="true" />
      </map>
    </option>
    <option name="USE_SOFT_WRAPS" value="CONSOLE" />
    <option name="STRIP_TRAILING_SPACES" value="Whole" />
    <option name="SHOW_BREADCRUMBS" value="false" />
    <option name="IS_WHITESPACES_SHOWN" value="true" />
    <option name="RENAME_VARIABLES_INPLACE" value="false" />
    <option name="SHOW_INLINE_DIALOG" value="false" />
  </component>
  <component name="InlayHintsSettings">
    <option name="disabledHintProviderIds">
      <set>
        <option value="JavaScript.js.chain.hints" />
        <option value="JavaScript.js.type.hints" />
        <option value="JavaScript.microservices.url.path.inlay.hints" />
        <option value="TypeScript.ts.chain.hints" />
        <option value="TypeScript.ts.enum.hints" />
        <option value="TypeScript.ts.type.hints" />
        <option value="ruby.rbs.ruby.attribute.type.hints" />
        <option value="ruby.rbs.ruby.constant.type.hints" />
        <option value="ruby.rbs.ruby.container.type.hints" />
        <option value="ruby.rbs.ruby.global.variable.type.hints" />
        <option value="ruby.rbs.ruby.parameter.type.hints" />
        <option value="ruby.rbs.ruby.return.type.hints" />
      </set>
    </option>
    <option name="lastViewedProviderKeyId" value="kotlin.parameter.hints.old" />
    <settingsMapElement>
      <JavaScript.js.type.hints>
        <Settings>
          <option name="showForInferredParameters" value="false" />
        </Settings>
      </JavaScript.js.type.hints>
      <TypeScript.ts.type.hints>
        <Settings>
          <option name="showForInferredParameters" value="false" />
        </Settings>
      </TypeScript.ts.type.hints>
    </settingsMapElement>
  </component>
</application>