<application>
  <component name="FileTypeManager" version="18">
    <extensionMap>
      <mapping pattern="dev-login" type="AUTO_DETECTED" />
      <mapping pattern="dev-service-name" type="AUTO_DETECTED" />
      <mapping pattern="index" type="AUTO_DETECTED" />
      <mapping ext="local" type="AUTO_DETECTED" />
      <mapping pattern=".env.*" type="Env File" />
      <mapping ext="env" type="Env File" />
      <removed_mapping ext="apk" approved="true" type="ARCHIVE" />
      <removed_mapping ext="psd" approved="true" type="Image" />
    </extensionMap>
  </component>
</application>