<profile version="1.0">
  <option name="myName" value="Default" />
  <inspection_tool class="Rubocop" enabled="false" level="WARNING" enabled_by_default="false" />
  <inspection_tool class="RubyClassMethodNamingConvention" enabled="true" level="WARNING" enabled_by_default="true">
    <option name="m_maxLength" value="90" />
  </inspection_tool>
  <inspection_tool class="RubyClassModuleNamingConvention" enabled="true" level="WARNING" enabled_by_default="true">
    <option name="m_maxLength" value="90" />
  </inspection_tool>
  <inspection_tool class="RubyClassVariableNamingConvention" enabled="true" level="WARNING" enabled_by_default="true">
    <option name="m_maxLength" value="90" />
  </inspection_tool>
  <inspection_tool class="RubyClassVariableUsageInspection" enabled="false" level="WARNING" enabled_by_default="false" />
  <inspection_tool class="RubyConstantNamingConvention" enabled="true" level="WARNING" enabled_by_default="true">
    <option name="m_maxLength" value="90" />
  </inspection_tool>
  <inspection_tool class="RubyGlobalVariableNamingConvention" enabled="true" level="WARNING" enabled_by_default="true">
    <option name="m_maxLength" value="90" />
  </inspection_tool>
  <inspection_tool class="RubyInstanceMethodNamingConvention" enabled="true" level="WARNING" enabled_by_default="true">
    <option name="m_maxLength" value="90" />
  </inspection_tool>
  <inspection_tool class="RubyInstanceVariableNamingConvention" enabled="true" level="WARNING" enabled_by_default="true">
    <option name="m_maxLength" value="90" />
  </inspection_tool>
  <inspection_tool class="RubyLocalVariableNamingConvention" enabled="true" level="WARNING" enabled_by_default="true">
    <option name="m_maxLength" value="90" />
  </inspection_tool>
  <inspection_tool class="RubyParameterNamingConvention" enabled="true" level="WARNING" enabled_by_default="true">
    <option name="m_maxLength" value="90" />
  </inspection_tool>
  <inspection_tool class="SqlDialectInspection" enabled="false" level="WARNING" enabled_by_default="false" />
  <inspection_tool class="SqlNoDataSourceInspection" enabled="false" level="WARNING" enabled_by_default="false" />
</profile>